{"rank_1":{"1A":[-1.258367804344699,-0.30615104294623174,-1.3146361693350497],"2B":[-0.3346480683470108,-1.1466139589120188,-1.2487048247285866],"0A":[-0.7926022016597704,-1.1257291313250657,-1.239944136280991],"2C":[-0.46419512155506504,-1.537231036497231,-0.6970803136230337],"1B":[-1.3537828661935258,-1.3038481845610803,-0.24124475767270873],"1C":[-0.3909593747688833,-1.4385389217204672,-1.2947458519772634],"3A":[-0.841221409167429,-1.0547147237454133,-0.698279093815009],"2A":[-1.3683502431642016,-1.0761920121306314,-0.46401817433785764]},"rank_2":{"1A":[-1.4474066455494072,-0.5719650915212271,-1.6292501713804837],"2B":[-0.5553936198368813,-1.0896251135926427,-1.4222009341005935],"0A":[-1.3437641075614006,-1.077194334216864,-0.7127601383335485],"2C":[-0.4630061901759646,-1.446340484171153,-0.6255795842090011],"1B":[-1.3734337464335409,-1.2963137142216046,-0.04648598606961075],"1C":[-0.26652480805568884,-1.5951217230585035,-1.1711398298786015],"3A":[-0.9403005063625854,-0.9799907528393919,-0.654407803204505],"2A":[-1.3573150079923313,-0.8166022676295958,-0.38124993148303365]},"rank_0":{"1A":[-1.3469297026342746,-0.5183079184659151,-1.4647708807295219],"2B":[-0.16484112660112935,-0.9868400638670507,-1.28629428282138],"0A":[-0.7579368895673955,-1.0031500698907598,-1.2308069996191133],"2C":[-0.40086855839630514,-1.4475594202055126,-0.8019660151500607],"1B":[-1.2564150292940084,-1.183180432918366,-0.19545060405640852],"1C":[-0.25672723026666683,-1.4811431638475019,-1.1820941061212453],"3A":[-0.7009570042732539,-0.7785552997092771,-1.2650925372024757],"2A":[-1.2741497096239927,-0.9999697844997334,-0.3966481313295765]},"rank_5":{"1A":[-1.4313304351755185,-0.579786588848001,-1.5680429474057407],"2B":[-0.5718553159204681,-0.7967843128024683,-1.4223522526320391],"0A":[-0.8444881438135189,-1.2716886697977283,-1.4331898901626903],"2C":[-0.33978366121231884,-1.3304442626359054,-1.0104585525049563],"1B":[-1.42897886898687,-1.3771389299234331,-0.3327147381676337],"1C":[-0.19845916767334942,-1.500516098477828,-1.2351546631090733],"3A":[-0.8213289722575947,-1.2453910659220326,-0.7423551883536602],"2A":[-1.4286105028219582,-1.0357731792473635,-0.46651762867448365]},"rank_6":{"1A":[-1.3653925386209271,-0.3943050056361537,-1.621847022423034],"2B":[-0.20564896984592385,-1.2862592766866532,-1.2477811376965098],"0A":[-0.7968404800804374,-0.899963577354208,-1.2804395364368861],"2C":[-0.4836455418649645,-1.3356718989563203,-1.0734107977301335],"1B":[-1.4094040791611318,-1.4522829781659912,-0.15850337482112337],"1C":[-0.3104199035910901,-1.4562397962164786,-1.3444607422881274],"3A":[-0.8473700750728431,-1.2378414031331906,-0.5535085801988848],"2A":[-1.4222568413225323,-0.904429135672667,-0.5447735328703509]},"rank_3":{"1A":[-1.4428394826944753,-0.3766911264562545,-1.5769896935794292],"2B":[-0.18282339132354092,-0.5779491837422618,-1.347224027788605],"0A":[-0.8124395441861438,-1.148403643857176,-1.3210926661197575],"2C":[-0.6595812063003097,-1.5754969849566056,-0.6444996280881933],"1B":[-1.3128660778043935,-1.2725671169713402,-0.2064408883854055],"1C":[-0.45661983688606556,-1.5882651062912352,-1.5291624824206038],"3A":[-0.962380923425644,-1.0173960257499097,-0.5556652553240095],"2A":[-1.2444423293810671,-0.9073624544210526,-0.20536926581109125]},"rank_4":{"1A":[-1.5534707629986884,-0.19691547841149218,-1.3802132907595377],"2B":[-0.30881364284360113,-0.6429680876505625,-1.293859389032934],"0A":[-1.4661511120456947,-1.382396388549305,-0.5087630474395681],"2C":[-0.3403149781728249,-1.3895165877520759,-1.0318141974367594],"1B":[-1.3997887842139711,-1.4273364435897218,-0.10584027219453541],"1C":[-0.11831984831225056,-1.4074112450692333,-1.2901886659255914],"3A":[-0.7268209870789331,-0.8849708937883771,-1.124608045455696],"2A":[-1.3610882628739964,-1.0612501123931717,-0.42928020236367226]},"rank_16":{"1A":[-1.3662736485077438,-0.5947668646127605,-1.6485653445840567],"2B":[-0.3252569766568131,-0.7616838064008731,-1.5529578197897838],"0A":[-1.4827221653635947,-1.1865687101240134,-0.8179171170692866],"2C":[-0.29226127527895035,-1.6025935360767958,-0.34248549081358],"1B":[-1.4617632815435435,-1.4373681843774622,-0.2850393239590699],"1C":[-0.3736225777727203,-1.5507391964238009,-1.4192112027382073],"3A":[-0.9718016413924994,-0.9482880781199551,-0.32867619288928984],"2A":[-1.4441549913889113,-0.734457734653465,-0.49869157084823784]},"rank_9":{"1A":[-1.6885473464733665,-0.6838461095984754,-1.567081943446341],"2B":[-0.10777251859781442,-1.0438782244619926,-1.4283713573108647],"0A":[-1.1347859705795744,-1.15415109148221,-0.6076088420388547],"2C":[-0.511982230928792,-1.7338060240984163,-0.7388422426465141],"1B":[-1.3489390112961628,-1.3550496938861465,0.07977538344931105],"1C":[-0.1524633891809636,-1.4643878483163226,-1.3236175909749721],"3A":[-0.7416640856314123,-0.7767370765268056,-0.7755239747067596],"2A":[-1.3531626666411578,-0.8759669988005936,-0.34935455698721773]},"rank_17":{"1A":[-1.4226458035195069,-0.47598002535098827,-1.5854473188206069],"2B":[-0.628483830911497,-0.9334376391055458,-1.564901947035949],"0A":[-0.8488875209807513,-1.2810807189483728,-1.4643327338384668],"2C":[-0.4321219294879465,-1.667353958294636,-0.3654093806109761],"1B":[-1.4351590629215292,-1.3613221687919754,-0.10771905518461855],"1C":[-0.5825330799147338,-1.533498194010888,-1.5501410137805478],"3A":[-0.6438807411492836,-0.9617086707516163,-0.7021773961429367],"2A":[-1.415863704054565,-0.5599438724053926,-0.765394954992894]},"rank_18":{"1A":[-1.5041760624384541,-0.32882927274801205,-1.4337925720082298],"2B":[-0.05467039295428895,-0.5221418636918362,-1.5370644032276206],"0A":[-0.8454525791009555,-1.289953894505489,-0.5981377891073804],"2C":[-0.23433268273451782,-1.4388502913271666,-0.8199363347928742],"1B":[-1.4658284518562985,-1.3960100101229818,-0.2820493408477506],"1C":[-0.13029723145384217,-1.4186026068168989,-1.3292215617041774],"3A":[-0.7242365207647127,-1.0651851755201815,-0.5987051429917064],"2A":[-1.3087247740163488,-0.5856028162332115,-1.2745204876956926]},"rank_7":{"1A":[-1.472861690968214,-0.5815173120042108,-1.575857946566788],"2B":[-0.3545902478491619,-1.2454840527740587,-1.2949907469540525],"0A":[-0.9098572607363498,-1.0968187900485862,-0.8152539243802694],"2C":[-0.4809496757013657,-1.5827862891348565,-1.0427019241661666],"1B":[-1.403622375167744,-1.462574037782813,-0.17896612960884012],"1C":[-0.11614335351447332,-1.3624266819981914,-1.4077974427313205],"3A":[-1.1035269652246111,-1.2701717828645855,-0.38186709681662134],"2A":[-1.524428630952233,-0.6789210683275483,-0.8890978060431817]},"rank_19":{"1A":[-1.2956604374337926,-0.365289114691995,-1.3877741407475408],"2B":[-0.10074520261960769,-0.538302392620313,-1.4599605697854772],"0A":[-1.1487843083507683,-1.3618319313909542,-0.4065971473714713],"2C":[-0.20946537227556614,-1.3648696347747271,-0.6601595314297323],"1B":[-1.4881025567248363,-1.534347427809958,-0.15481242414962681],"1C":[-0.11239799997760065,-1.3596514747670252,-1.2265322548883835],"3A":[-0.7848673520427422,-0.9619074416364763,-0.5268134728971666],"2A":[-1.3283871274027095,-0.9609882334557934,-0.2621636456662795]},"rank_8":{"1A":[-1.3644582992316847,-0.4397011486064313,-1.5096972141798906],"2B":[-0.6353072519210653,-1.3600934599824046,-1.3982857066612733],"0A":[-0.9984839389287796,-1.0869400715112811,-0.6613945382667441],"2C":[-0.5241309575266806,-1.6956308292560704,-0.8884408698734121],"1B":[-1.4344698050287168,-1.2978034801512557,0.10542336296236668],"1C":[-0.18599387157903338,-1.4260812290036529,-1.1769720418097651],"3A":[-0.6197750563663071,-0.6153161534913191,-1.1903174229417979],"2A":[-1.4194749381982539,-0.611663673998969,-1.1500650808731698]},"rank_12":{"1A":[-1.3538634646635361,-0.5152281728247631,-1.6938462346905208],"2B":[-0.15113200167359694,-1.1921994740934276,-1.2964895802007144],"0A":[-0.6425241094332019,-1.5395793460581901,-1.4594390855339405],"2C":[-0.4165397245880512,-1.5264082274750184,-1.1136924765278577],