{"A2NGG3KW6YTS1G":{"1A":[-1.4143653897898507,-0.15650310281905205,-1.4807342765268385],"2B":[-0.8790256899939055,-0.9426574038925373,-2.7603172066637476],"0A":[-1.5150555073509524,-3.131959218829324,-2.267743781116903],"2C":[-0.08403157063379275,-1.6846569671206644,0.032870401806468344],"1B":[-1.5672613453147495,-1.387187711689943,0.17406908414029817],"1C":[-0.10534652877788508,-1.4182768750669974,-1.292793683290721],"3A":[-0.06757948429939002,-0.341567433686054,-0.07729062871745467],"2A":[-1.2605638452887231,-0.5393678692841705,-0.41123568399180876]},"AIBFR88A00FP3":{"1A":[-1.4151759652975153,-0.7640408615659965,-1.6318097273858512],"2B":[-0.5791748105043482,-1.176822304148512,-1.1496282904005364],"0A":[-0.760801526630927,-1.019949250147889,-1.1745542493248884],"2C":[-0.32358355484175266,-1.3084144774530908,-1.048349799623773],"1B":[-1.4751311874725277,-1.3560337749202822,-0.50525032808002],"1C":[-0.6778621049549839,-1.67991093865545,-1.4330326771769766],"3A":[-0.7554843452106594,-1.0024515335849724,-1.1958782414289386],"2A":[-1.3673967019133573,-0.610965517593496,-1.2051916395603202]},"A2AGQGMZVSZVUJ":{"1A":[-1.356836320455432,-0.31953299082541303,-1.375727645125339],"2B":[-0.16617774544287756,-0.5154050405961942,-1.3672471435529439],"0A":[-1.595794646422054,-0.6648312340152909,-0.7711925419792806],"2C":[-0.694845644719112,-1.9332085745820506,-0.03588058300422253],"1B":[-1.2276900863497922,-0.9702788507336777,-0.3702918770585977],"1C":[-0.24997074182764875,-1.3363472752787988,-1.2729724665584767],"3A":[-0.7310898081975703,-0.9530551308527623,-1.2031535130666908],"2A":[-1.2534569376561289,-0.9737260509277005,-0.3963393222907542]},"A244X2KYRPNOEO":{"1A":[-1.2374970730211587,-0.32078656895808677,-1.4677456328324785],"2B":[-0.5811720807245666,-0.8010278450344639,-1.4346088653912346],"0A":[-0.7732590358918371,-1.0564768339449986,-1.2054961791152157],"2C":[-0.21073580492097932,-1.3557422341015188,-1.1942032385081696],"1B":[-0.7917154320438966,-1.4297348325735408,0.050448439460271624],"1C":[-0.638367366098705,-1.5579843357156262,-1.436848207189143],"3A":[-0.7766290898876648,-1.0368957623810933,-1.2286012694837922],"2A":[-1.217082883409158,-0.9968785741516343,-0.36533903405813134]},"AK37IEOYWN5YH":{"1A":[-1.7550606061208438,-0.15639781245692738,-1.7170439442298948],"2B":[-0.27002738272791754,-0.14306491927483694,-1.8735925557675117],"0A":[-0.7608376810683773,-1.0157079000918825,-1.2138030917245675],"2C":[-0.08094267581406163,-1.8316324373526374,-0.20076005276155875],"1B":[-1.5791178715583776,-1.4661842895869488,0.1351599328226492],"1C":[-0.6444944736860747,-1.5118219376951907,-1.500373729037483],"3A":[-0.05215738203013861,-0.6459504879787469,-0.047090246094874715],"2A":[-1.6800256240389748,-3.611777571073966E-4,-0.1369255216704113]},"A2VDDES6LFZOFW":{"1A":[-1.389784248324983,-0.30980137980009814,-1.3399250411462367],"2B":[-0.1870338488525623,-1.356024168783263,-1.1683297031132087],"0A":[-0.7731792685300256,-1.0247723664585628,-1.2202778279900086],"2C":[-0.2876661076550288,-1.378419818461028,-1.2261897441507743],"1B":[-1.1181882698700816,-0.8892014698964034,-0.12714919977775768],"1C":[-0.29229022686743517,-1.3707201472617476,-1.246673549811153],"3A":[-0.7603343577192534,-1.021901298509434,-1.2155702332952356],"2A":[-1.2445032340301394,-1.1855368845564194,-0.19695857887213677]},"A2ICVDCUQ736Y9":{"1A":[-1.4450492198781377,-0.15078743239210676,-1.377709663191259],"2B":[-0.6237786402608848,-0.7882649660122051,-1.9726318750366498],"0A":[-1.3835988479629433,-0.7590851554857112,-1.6901785019380795],"2C":[-0.08186011553463897,-1.6886104762422005,-0.00852915248403074],"1B":[-1.539244035042019,-1.2219176140470458,0.04629397049537867],"1C":[-0.2619017724046757,-1.2928140384416675,-1.4058312551980423],"3A":[-0.15523269835363473,-0.10304547039714755,-0.07912081178870434],"2A":[-1.3416635411197864,-0.4258157649081518,-0.08175485305078507]},"A2R9OK4M877ZCC":{"1A":[-1.9820670092143504,-0.9509677303814332,-1.991232172562628],"2B":[-0.6358747200644821,-1.4546843556380062,-1.4836933083796682],"0A":[-0.646652783610658,-1.6352683000163073,-1.3632871157365165],"2C":[-0.6483634727877825,-1.5905043492800754,-1.443274706735544],"1B":[-0.644955913243676,-1.5680368409669836,-1.3827337261050519],"1C":[-0.6455812948259697,-1.611952627989006,-1.3433433502672665],"3A":[-0.6511968479871268,-1.5961536952466997,-1.4119539952531148],"2A":[-0.6680340458286266,-1.5550126465411158,-1.493583769112545]},"AFXEBGX1I0ZR3":{"1A":[-1.3657075383918982,-0.3095080949718536,-1.3224921293072622],"2B":[-0.11006693369952066,-0.5476110507989165,-1.3228667356130217],"0A":[-0.7664053909664464,-1.0247108468174047,-1.1917401807658667],"2C":[-0.2942697221775776,-1.434115821235978,-1.1407904889837455],"1B":[-1.2438968552834806,-1.1904299224114439,-0.19703892130071288],"1C":[-0.2630661337789357,-1.4008320811460164,-1.3581674212108643],"3A":[-1.2498365152309776,-1.1607855657283228,-0.18711878796116285],"2A":[-1.2323913668908795,-1.199014811675678,-0.19495855438405524]},"A12HZGOZQD5YK7":{"1A":[-1.1570412198930464,-0.3020684349526839,-1.3346299276152778],"2B":[0.012315722165613227,-0.10091008537985889,-1.8361383120496335],"0A":[-1.2037666369158282,-1.9312424022219685,-1.9230032148920064],"2C":[-0.9990888616646441,-1.0206237022347946,-0.5794935323824816],"1B":[-1.7098550049298171,-1.678265762308035,-0.39397349940186904],"1C":[-0.2042462015800217,-1.48216572150605,-1.3445879692535854],"3A":[-0.18344717057026352,-0.6252893860008631,0.12615224826674917],"2A":[-1.4449188879781396,-0.8490833522677144,0.18500585274675638]},"A2R794P3E8X0MK":{"1A":[-1.2462081480319893,-0.3090039578171837,-1.335770433253419],"2B":[-0.5680218127134844,-0.7965783289606202,-1.334747513002694],"0A":[-0.7721041712126094,-1.040549863496456,-1.1799564489787397],"2C":[-1.305983234644228,-0.31914501889230573,-1.404187020088774],"1B":[-1.2490985026679766,-1.1768816689273156,-0.1870358830553893],"1C":[-0.24500310685218957,-1.5004204431492199,-1.1281037818879764],"3A":[-0.7499128430078288,-0.9955113861854036,-1.1504629276717662],"2A":[-1.2077513375115958,-1.143296068027919,-0.15564636481098662]},"A2S8ZTPKX3B928":{"1A":[-1.4071602394188893,-0.19795002741682616,-1.5329128493588398],"2B":[-0.1806453256645192,-0.5362034604150469,-1.3997857061756116],"0A":[-0.759842093127887,-1.0377747454272797,-1.1983540649964888],"2C":[-0.2679450580974513,-0.1470823011907552,-0.04410166085631002],"1B":[-1.396445860997464,-1.2334897065898947,-0.043900745457435955],"1C":[-0.2796083060117364,-1.4438509007485953,-1.1575050611846593],"3A":[-0.7466606670681041,-0.986357044178267,-1.236507270009086],"2A":[-1.433932801924168,-0.16142691431451375,0.12661905562818676]},"A2TZJKKUN0LSHY":{"1A":[-1.117605985625824,-0.33387796121590985,-1.3729358470462647],"2B":[-0.2104918427055418,-0.12328395766062852,-2.0651311049186325],"0A":[-0.6721620051986789,-1.6156479980658291,-1.4645982895126533],"2C":[-0.1673981062401889,-1.4331692620414225,-1.0419193147929475],"1B":[-1.2474298482781008,-1.1771316262407943,-0.1978016305376105],"1C":[-0.2051521097434532,-1.2377443345650276,-1.314560993875712],"3A":[-1.0123524636774088,-1.1676902483081124,-0.6209395824731472],"2A":[-1.3733891887491583,-0.1372247097103864,-0.012570028774434949]},"AEHXJIW38LJS4":{"1A":[-2.4445769609335195,-0.2574188577989832,-2.2700234113036646],"2B":[-1.352606304570506,-0.6440072109301426,-2.2983203146394215],"0A":[-1.5630807330913024,-2.3896197832081065,-1.9803377403213622],"2C":[-0.16129358635400126,-1.944345762364104,-0.019545977299006],"1B":[-2.825151813478325,-2.3041521818158115,-1.5976290465750742],"1C":[-0.20656596141849706,-1.372233330328275,-1.2395380023345133],"3A":[-0.06890576412957997,-0.22826474532980126,0.06588934513398109],"2A":[-1.8623511265144455,-0.2586163522825901,0.04611827125075342]},"AGA1PIIWM8I8D":{"1A":[-1.6514110904581245,-0.10535264301801921,-1.5723869506616994],"2B":[-0.08112278034039923,-0.14484538198305205,-1.6545021644326146],"0A":[-0.7430548899224989,-0.9790914946955325,-1.2715519218226918],