{"AV22FQTJNBUZT":{"1A":[-1.4398437404038842,-0.7768745310134979,-1.6784056846355797],"2B":[-0.28608063484336754,-1.4069625130795689,-1.2601731118110502],"0A":[-0.6591676406078478,-1.6262021515433598,-1.431223512080556],"2C":[-0.16650508019802765,-1.3982780619249426,-0.9690691653615492],"1B":[-1.1884955304088052,-1.1757193314319483,-0.17271425192670942],"1C":[-0.255528276960336,-1.3352453221303988,-1.2940394223671101],"3A":[-0.7705333907841886,-1.0290611831534582,-1.2686809503012135],"2A":[-1.450044090797016,-1.393348108482714,-0.49758042144545755]},"AHXDKQOG8YHLP":{"1A":[-1.301780794693616,-0.7435612886138452,-1.7229603459316583],"2B":[-1.3445373160939138,-0.7513624438317892,-1.7055626100826475],"0A":[-0.7610408939882113,-1.0131864643103285,-1.1986109460155985],"2C":[-0.28683573440087545,-1.5504207539158745,-1.0634814603656402],"1B":[-0.609997682636744,-1.913728029339554,-0.006507939431786752],"1C":[-0.6436260668408741,-1.5153265254020234,-1.4703116005129517],"3A":[-0.7720655133389952,-1.0531053995922057,-1.176271418753055],"2A":[-1.2505876590075578,-1.179531755714364,-0.195951821378906]},"AFXE92S04IYHY":{"1A":[-1.4454408694057352,-0.7642275749678727,-1.5832647419852883],"2B":[-0.6505450484621597,-1.610386520082499,-1.409345083629886],"0A":[-0.7431105490388689,-0.9937507598121446,-1.2575008533800944],"2C":[-0.6572208401354892,-1.580551456801164,-1.4594080480473084],"1B":[-1.3461628527565743,-1.2546128505706722,-0.032665022179834184],"1C":[-0.25701675370493765,-1.372762990023237,-1.2523387065744336],"3A":[-0.7648352440717852,-1.0249873245800603,-1.2033631091123547],"2A":[-1.2373733180467057,-1.2232228214982541,-0.2169101823807315]},"A3VLY4PLDQ3Z6T":{"1A":[-0.7649687027901007,-1.0443526519726964,-1.2202129962224648],"2B":[-0.7387652634906935,-0.9700214337540229,-1.2306215325537642],"0A":[-0.7580627597297817,-0.9916329845547213,-1.2194103943985644],"2C":[-1.2682388974650154,-0.30334125212473745,-1.3734098348810793],"1B":[-1.2556323064078534,-0.24080549814801328,-0.9489055273935768],"1C":[-0.7614245350917449,-1.0243062072314342,-1.2547941421721156],"3A":[-0.7609110819873032,-1.0094863278505288,-1.199391809237137],"2A":[-0.7523366975831424,-1.0109257410765704,-1.1789247115836403]},"AHIM8PGYOIN0K":{"1A":[-1.347424902938724,-0.7289787814601165,-1.5454105964120717],"2B":[-0.6386291683141553,-1.4520333236524148,-1.5654607938480363],"0A":[-0.7325338910498774,-0.9528552848308003,-1.2097109194598041],"2C":[-0.6482655626985944,-1.570569063654419,-1.4231647948733415],"1B":[-1.2589348602628834,-1.2200760959964791,-0.21385824092445413],"1C":[-0.6626271844349878,-1.611781390820847,-1.4612745766836173],"3A":[-0.7566281661494927,-1.0000421749130974,-1.2458705259665126],"2A":[-1.470266211449631,-1.3871138644858754,-0.5112145423324397]},"A29PB2C8XD8TVG":{"1A":[-1.4766027666876305,-0.7731625457153157,-1.555137844949182],"2B":[-0.640686852539486,-1.5392186549144025,-1.4327826764296105],"0A":[-0.7572545972775424,-1.0008477704633088,-1.1933154606099061],"2C":[-0.6419803978593391,-1.5512382508647231,-1.4153067434951854],"1B":[-1.4793044920087584,-1.3656478249166315,-0.5122984031545054],"1C":[-0.6566472935736869,-1.6490825468881074,-1.3735999149335427],"3A":[-0.7571355692020589,-0.9986343205734632,-1.265739970461556],"2A":[-1.4684757256765508,-1.3900918500772674,-0.5096570769174611]},"A1QX6AXRT6T94R":{"1A":[-1.13184347630635,-0.3201760958099806,-1.5330605130238837],"2B":[-1.3234094415385753,-0.32114214986482953,-1.3906581322267229],"0A":[-0.755243675623014,-0.9964689744801896,-1.2234322225317567],"2C":[-0.7386637250404866,-0.9678766489529038,-1.2140352273136361],"1B":[-1.2579350425406624,-1.1771392531387852,-0.20674728877560092],"1C":[-0.2545571161095522,-1.3390344604944353,-1.2993998211306952],"3A":[-0.7384234078658789,-0.9723906250912662,-1.255793812936566],"2A":[-1.258095394041242,-1.176985731123402,-0.19458739131192718]},"A1UY2W2FL9CWN":{"1A":[-1.133517570234633,-0.34393028481551263,-1.6144116974009588],"2B":[-0.25203729688601906,-1.2682673973536602,-1.3623311329474237],"0A":[-1.4784845984877195,-1.4085288844078292,-0.5177743241726787],"2C":[-0.24629943790796183,-1.4283516596656685,-1.134598690947621],"1B":[-1.2296470778828414,-1.1742692111505897,-0.183852423879432],"1C":[-0.23938544759522482,-1.5017370338871914,-1.038135755250407],"3A":[-0.7581954299407726,-1.0047363388734882,-1.2315519865919504],"2A":[-1.479809645460213,-1.382750757654305,-0.510930400892763]},"A31K146G2ZKVML":{"1A":[-1.3761071944066263,-0.7561490039570857,-1.6634077933369091],"2B":[-1.4335676666016406,-0.7626385727306983,-1.567162831859289],"0A":[-0.6749539336164943,-1.6451500787444262,-1.4105779614709832],"2C":[-0.18962628891581218,-1.415738445560983,-1.1030620757352323],"1B":[-0.6861864486957647,-1.855284518195654,-0.0028468335867547984],"1C":[-0.64423664812105,-1.445171615891842,-1.5981163684171524],"3A":[-1.3981375644998189,-0.7631627991764246,-1.658471874019622],"2A":[-1.5020570521615015,-1.392582524882347,-0.52631743949082]},"AZ9BZONG644TU":{"1A":[-1.3948093237743695,-0.7631602359542909,-1.6406179485592673],"2B":[-0.6736325135437958,-1.527953723354107,-1.580372989587472],"0A":[-0.7601024093723806,-1.0078248029773393,-1.2413082492741687],"2C":[-0.680638439742383,-1.6673418566929896,-1.4170366524840214],"1B":[-1.2362843487565676,-1.1992027423564346,-0.20507332863153832],"1C":[-0.6479959630722195,-1.5498523428962225,-1.4764066498639072],"3A":[-0.7500508242413803,-0.9892159442676051,-1.2401347541270213],"2A":[-1.4788833071386602,-1.408188670192419,-0.5201305302909243]},"A1A3TGZ7DKJWRW":{"1A":[-1.359234495529659,-0.7478369842128095,-1.6664148565732653],"2B":[-0.6480177975247442,-1.4464358894172413,-1.5689916942024513],"0A":[-0.7643367648591644,-1.0286514969940155,-1.232516990614382],"2C":[-0.6729508062737536,-1.5619258206056585,-1.5474688947019992],"1B":[-1.2624400278497143,-1.1811860943065742,-0.20643923669390535],"1C":[-0.6596015502841698,-1.5909944895563581,-1.4609256885522086],"3A":[-0.7549977701444796,-1.0181479997514682,-1.1981022113141995],"2A":[-1.4105158294687232,-0.7592257713281104,-1.621129940444945]},"ABSK944CGG5N":{"1A":[-1.2446419177166406,-0.271394187730386,-1.0335164227622697],"2B":[-0.5711695057011431,-0.7908076436258824,-1.3898557283536817],"0A":[-0.8103292374793096,-1.1266806511154672,-1.3293059285267417],"2C":[-0.6483685496320081,-1.5398925581259308,-1.440637160046746],"1B":[-1.2330266247980524,-1.216467500772739,-0.2124195191645715],"1C":[-0.7073654027178811,-1.501378950466811,-1.470919190659722],"3A":[-0.7687610726553669,-1.0321111164404542,-1.183438269465557],"2A":[-1.2309595994124007,-1.1791783162226022,-0.1792503729068248]},"A341XKSRZ58FJK":{"1A":[-1.373807221877037,-0.7487863679229438,-1.6498596577411044],"2B":[-0.6702496066453957,-1.6321795495372948,-1.404709175515584],"0A":[-0.7687624843242136,-1.0356074684523324,-1.1847637005207636],"2C":[-0.6645630920803589,-1.5749371824149243,-1.5272433410095956],"1B":[-1.2243267653766798,-1.1719529323489093,-0.18770351868920554],"1C":[-0.6525465133070171,-1.6130936207469062,-1.2964906737076958],"3A":[-0.7763947810656693,-1.0509083426886583,-1.2152297264291199],"2A":[-1.2464151215496535,-1.2072203368088132,-0.2042053809804548]},"A327IIFWCLYR8A":{"1A":[-1.3761010923181316,-0.3201807702322079,-1.352708508467567],"2B":[-0.5628364747892567,-0.7843863828885462,-1.318732944936409],"0A":[-0.7506032813401694,-1.0196172694398056,-1.1892555349558922],"2C":[-0.26493130906458356,-1.4825954185045191,-1.2114208225546101],"1B":[-1.236415573618529,-1.1817243551779848,-0.1945504619693755],"1C":[-0.649691326150333,-1.5490796129735174,-1.45572885801481],"3A":[-0.7613290560329,-1.015615159012586,-1.2184312947929425],"2A":[-1.29171944059471,-1.252677704104664,-0.03541477918814979]},"A1P08M8GNREVEK":{"1A":[-1.5226293967039874,-0.7897392046123264,-1.5923666853095941],"2B":[-1.426934993373906,-0.7570635033549583,-1.5730118905340194],"0A":[-0.7426532327849866,-1.9887371594471346,-1.6863918516135927],