{"rank_1":{"1A":[-1.3873654182048103,-0.7602115548666643,-1.6489916071780855],"2B":[-1.2624384020228772,-0.5072185136532604,-1.540743005882923],"0A":[-0.7781423332771067,-1.09479559528165,-1.3331097760077655],"2C":[-0.658901862772518,-1.6523038877450469,-1.3517468077214303],"1B":[-1.5129070497171724,-1.3917226203552828,-0.5377509363067494],"1C":[-0.3849781657366215,-1.3312584736943025,-1.371233631076051],"3A":[-0.7631897934730825,-0.9032818905943425,-1.2549335061492286],"2A":[-1.2450920899925202,-1.1902642721440282,-0.2068919758524085]},"rank_2":{"1A":[-1.2191865433291407,-0.4887131116687034,-1.5126556619776959],"2B":[-1.246846919905269,-0.3177526924680339,-1.4462114148716434],"0A":[-0.8078701655963483,-1.1165074680182823,-1.3475161217109828],"2C":[-0.32329336523466035,-1.2583385485786995,-1.1025062608924514],"1B":[-1.5821398829133029,-1.562544262894788,-0.5804898590384694],"1C":[-0.2466539698121642,-1.4533370968674588,-1.151363856172691],"3A":[-0.6253510891579205,-0.7860079959149585,-1.0830807191637035],"2A":[-1.261851904126683,-0.9973540645527851,-0.3908335257103093]},"rank_0":{"1A":[-1.3205765824615845,-0.3224393453213542,-1.4224896047391453],"2B":[-1.4644605569130003,-0.7629429139726664,-1.5106517908151054],"0A":[-0.7407863179662308,-0.9886308017089135,-1.2061253799985674],"2C":[-0.4072197151043476,-1.5747271756118744,-0.7633911092084386],"1B":[-1.2348002349502172,-1.167028811379684,-0.1822575907933439],"1C":[-0.6674195130497588,-1.6822690576512216,-1.4170538500731193],"3A":[-0.7687237996428145,-1.0073237941959114,-1.2419004210693503],"2A":[-1.486458024790656,-1.3694208152518874,-0.5169074921262153]},"rank_5":{"1A":[-1.4474315132862576,-0.27669475702331847,-1.4775287253583782],"2B":[-0.5771206790788344,-0.8104527880820901,-1.337531839977934],"0A":[-0.662179177160026,-1.51957024193789,-1.5343990113606194],"2C":[-0.5149216265863569,-1.4693907961046502,-1.0200906463986241],"1B":[-1.3403450967713624,-1.3362139908367188,-0.006094808733010119],"1C":[-0.7131333945670525,-1.6705869906188018,-1.7298610471634952],"3A":[-0.8157838251088566,-1.1514986142522312,-1.3470137004668716],"2A":[-1.4336091778485178,-1.35194515701744,-0.331178675178288]},"rank_6":{"1A":[-1.434940271331372,-0.4065289582047494,-1.6197676578634508],"2B":[-0.37970388810434447,-1.335053622149604,-1.328488027709759],"0A":[-1.4161061078872315,-0.7620519273789357,-1.642430706254311],"2C":[-0.726071426865863,-1.5632003306888547,-0.7313157604938846],"1B":[-1.3266721933735057,-1.3184253698367794,-0.25037683133560096],"1C":[-0.4849691453740929,-1.5663344263842567,-1.5007535804551697],"3A":[-0.8137723453969984,-1.138400203512402,-1.3534923403080106],"2A":[-1.51527973781739,-1.1796666579807793,-0.47658333032893435]},"rank_3":{"1A":[-1.4102764553978548,-0.21691351120671823,-1.5288434524297254],"2B":[-0.6360002207934533,-1.5397500174145706,-1.433372211571138],"0A":[-1.2897197280735844,-1.0520707384013397,-0.6716027688831606],"2C":[-0.4488341334684737,-1.524577289468118,-0.685157789440517],"1B":[-1.3867850179774792,-1.3101635720015339,0.10945660455955573],"1C":[-0.6766679728050117,-1.8401920268999734,-1.6015944255222614],"3A":[-0.5156677949872448,-0.9772110519615542,-1.0740251286681357],"2A":[-1.5615783124906542,-1.5815070833514189,-0.6092392968262503]},"rank_4":{"1A":[-1.2951832215799586,-0.20561090610224433,-1.498242753685259],"2B":[-0.5931066533011746,-1.2343652939286955,-1.201307943717891],"0A":[-1.4890711501162328,-1.3857802457726058,-0.5166428417086074],"2C":[-0.40047519093564204,-1.519908775560555,-1.2128832340983111],"1B":[-1.3816997297466271,-1.3523787522500428,0.07633480781731702],"1C":[-0.6553576873638662,-1.6814973588021334,-1.60756023724726],"3A":[-0.46752795169252404,-0.9795230089929281,-1.1990414846814739],"2A":[-1.4418916049245751,-1.3950569986790078,-0.1527002782066928]},"rank_16":{"1A":[-1.3178965368451587,-0.642575026651596,-1.7645961197618414],"2B":[-1.3375447240986977,-0.6377095154530308,-1.7638795286492153],"0A":[-0.8461152086115034,-1.2408443450509448,-1.436361459780837],"2C":[-0.6777022823955282,-1.8340532895143857,-1.4042414805142804],"1B":[-1.5654034427759562,-1.4920967283327502,-0.5718433404707449],"1C":[-0.3486435187008231,-1.494116142672591,-1.3940220621947057],"3A":[-0.5498950589053985,-1.0512857751076052,-0.824445191046646],"2A":[-1.4287597671620202,-1.1824284498972037,-0.48855778233073494]},"rank_9":{"1A":[-1.4704717467764545,-0.210445308684463,-1.4022804428908897],"2B":[-0.17351410109769955,-1.0075933305689682,-1.306629848115361],"0A":[-0.871746540882445,-1.3110759666310723,-1.4409986397581176],"2C":[-0.5120560153516499,-1.4853045527833326,-0.7174696445206616],"1B":[-1.3984627772209348,-1.4786809417554687,-0.17891674269676502],"1C":[-0.8192002982702483,-1.7368998808805298,-1.629732799258335],"3A":[-0.6612427177802893,-0.6455671260260699,-1.1296516642813537],"2A":[-1.378561429209984,-1.1360153327780427,-0.2743246793009757]},"rank_17":{"1A":[-1.324798421986832,-0.5023272261058838,-1.680722321403297],"2B":[-1.316419729589478,-0.49990905117280887,-1.4227844293269585],"0A":[-1.4407553316415012,-1.1497138176782602,-0.7774482452169308],"2C":[-0.4885100876368263,-1.5751953289409668,-1.4314149116798534],"1B":[-1.360361510352481,-1.3057605034438227,-0.22664619926556892],"1C":[-0.14638745344778012,-1.3781578328131758,-1.5080774603135922],"3A":[-0.7293312745465028,-0.7906190740588448,-1.1951001593709156],"2A":[-1.3016164046468683,-1.2785209610297557,-0.040200639445872856]},"rank_18":{"1A":[-1.3441802770908045,-0.3500987392891824,-1.5596828587893814],"2B":[-1.3309354425430258,-0.3481217619872434,-1.591668759592832],"0A":[-1.5253844525669236,-1.4579644262066602,-0.5395081728153986],"2C":[-0.8327005417119814,-1.6562670779506665,-1.7490083207651543],"1B":[-1.595693776510116,-1.478698123124781,-0.5782409152004282],"1C":[-0.1807184670819105,-1.45306141130445,-1.2535651487426822],"3A":[-0.6893706825729566,-0.8151814090186871,-1.1394576940814949],"2A":[-1.3099472076749978,-0.9703109755090291,-0.29818337049276317]},"rank_7":{"1A":[-1.3486171952072228,-0.169788482683352,-1.3518602915635918],"2B":[-0.2569554773725156,-1.4036680730402167,-1.2075940576600026],"0A":[-1.5677099651431883,-1.2096760462401415,-0.8638242669187562],"2C":[-0.2532006592711573,-1.3479399051133123,-1.286247887421734],"1B":[-1.4173386946575368,-1.2994553434644205,0.05687467076549296],"1C":[-0.3423793220643435,-1.5713095036413374,-1.3772505131531119],"3A":[-0.6425914975069154,-1.017754030478609,-1.1986326903666575],"2A":[-1.391543126810877,-1.4238480859976952,-0.10791973676416977]},"rank_19":{"1A":[-1.4001168575887482,-0.33144919833117514,-1.5231599361901025],"2B":[-1.3321324392561498,-0.2216164363905211,-1.5722116932678178],"0A":[-1.4774730820898816,-1.1800686614464109,-0.7983960838034005],"2C":[-0.24393045878231265,-1.390319759279938,-0.7119162829813516],"1B":[-1.674955327675847,-1.8456736913305767,-0.6716439922649174],"1C":[-0.057925689142552354,-1.5272512672080383,-1.1595616492901477],"3A":[-0.7807972656892606,-1.0011473676647467,-0.9451601132407045],"2A":[-1.3142427210295724,-0.9807827814947675,-0.2852741599619417]},"rank_8":{"1A":[-1.4442439429194378,-0.22652494004268914,-1.4457889386202987],"2B":[-0.32468368579631396,-1.0947631309967083,-1.247880890709486],"0A":[-1.5754709039250032,-1.5461617339178246,-0.614800298376759],"2C":[-0.36818893134155045,-1.4121560083054443,-1.0992936135352926],"1B":[-1.3822800456367306,-1.4391802968688607,-0.16056082303489821],"1C":[-0.36925789796185404,-1.572009198564789,-1.3822364913466418],"3A":[-0.7499346685229837,-1.0591306797863729,-0.9710254457715773],"2A":[-1.3938679152281759,-1.4826128112175854,-0.1776043090735861]},"rank_12":{"1A":[-1.45439878142777,-0.49721720767845523,-1.5938979823436934],"2B":[-1.3727736974752347,-0.5014423677313213,-1.6139352352018907],"0A":[-1.595767441578168,-1.627703767332854,-0.5977923870193379],"2C":[-0.4325032124964057,-1.6171571735293784,-0.8810978668515023],"1B":[-1.2795664084087655,-1.2288474127755202,-0.030003944218008324],