{"A2NGG3KW6YTS1G":{"1A":[-2.9515920209003217,-0.38087073394664045,-3.454296636833657],"2B":[-0.10192621057859312,-44.50369175893019,-7.501217563264377],"0A":[-1.3192654029857411,-4.145082025844053,-3.807804089638696],"2C":[-0.1618635996511877,-3.07336731994802,-0.006383827806958009],"1B":[-5.088951597517086,-2.7881955927593753,-0.02172322201234937],"1C":[-0.19521141582141005,-1.8896065356182024,-3.896272545946511],"3A":[-0.03705361775118522,-0.17625967736599046,-0.024786232521159225],"2A":[-3.201775269175113,-0.45376557607676965,-0.3140053891453636]},"AIBFR88A00FP3":{"1A":[-2.3036148851292926,-1.34614625247792,-3.1905552632739616],"2B":[-0.7486137658301248,-1.1704654246882835,-3.912239742528273],"0A":[-1.380334256813047,-1.4698857307390008,-1.7400766936285086],"2C":[-0.492339715921151,-2.094593039357367,-1.111742790756886],"1B":[-2.915977090712656,-2.2844558818979714,-0.9483713702821385],"1C":[-1.186905706408629,-2.2100054240729743,-2.96456500038426],"3A":[-1.3062635902792727,-1.5842701247553883,-1.782973220039729],"2A":[-2.929715262649806,-0.9538085347486063,-1.4801377288311994]},"A2AGQGMZVSZVUJ":{"1A":[-2.6561696446063374,-0.5128549376083028,-3.408763897438864],"2B":[-0.14063841213091458,-0.37091941361919484,-3.457118341861931],"0A":[-1.60165555170695,-0.416226485215695,-0.4876137685709235],"2C":[-1.6261182992135883,-5.97433717970446,-0.016042108850470638],"1B":[-3.045089662911063,-1.2096433264020396,-0.6245310876084901],"1C":[-0.22667049390759716,-2.0035245213622765,-2.926093941123248],"3A":[-1.4340275337980697,-1.4669356920320398,-1.7248322540215],"2A":[-3.0323693426319727,-1.1782051822340158,-0.6685719713546195]},"A244X2KYRPNOEO":{"1A":[-2.6591411380877243,-0.5133653173559477,-3.279942252946501],"2B":[-0.4905545987507299,-0.6493398215408112,-3.020093448853702],"0A":[-1.215809058573233,-1.5832878523313472,-1.833213175353278],"2C":[-0.26386671665000105,-1.920183341640651,-1.3146741438550833],"1B":[-0.7052074300321446,-3.1171086440224953,-0.014837119597377863],"1C":[-1.188954476838665,-2.182497134868366,-2.974048292528906],"3A":[-1.3588998471646616,-1.426272865296705,-1.805502537899524],"2A":[-2.9051060185695206,-1.2230250736460784,-0.6315386758096562]},"AK37IEOYWN5YH":{"1A":["NaN","NaN","NaN"],"2B":[-0.23818039671314262,-0.22192257046684002,-4.08973682013959],"0A":[-1.3491554941786916,-1.4294913814718901,-1.802586559847825],"2C":["NaN","NaN","NaN"],"1B":[-5.991842118501644,-2.8694186932158137,-0.013425232703587338],"1C":[-1.2023520247374548,-2.090243787024548,-3.3485840680447216],"3A":[-0.04299945294490973,-0.44450768352174924,-0.03822415856769912],"2A":[-3.49693878569296,-0.42407654962785407,-0.17476427521142673]},"A2VDDES6LFZOFW":{"1A":[-2.666955611202929,-0.4817158282686308,-3.3714867416698464],"2B":[-0.22577952812249077,-2.2036952274553356,-0.8395215251276578],"0A":[-1.279577688736949,-1.5307312450112662,-1.797870899076667],"2C":[-0.2625854953936524,-2.0130280460320775,-2.7522510536738314],"1B":[-2.873267799345272,-1.3039616393342128,-0.06461127806898478],"1C":[-0.27721355142161247,-1.8876113024598407,-3.189956253687202],"3A":[-1.262197325538651,-1.5807691602762604,-1.820523106646282],"2A":[-3.1042468472063134,-2.3761223415657207,-0.31026699122879026]},"A2ICVDCUQ736Y9":{"1A":[-3.0271609357354947,-0.279022382000432,-3.6912115787712825],"2B":["NaN","NaN","NaN"],"0A":[-2.3957126543642655,-1.3049844191564637,-3.144187066472836],"2C":[-0.225700819952699,-3.2211033377028326,-0.01812636485343529],"1B":[-5.431900930511887,-1.6162939246667023,-0.004332807546287435],"1C":[-0.27713370758939115,-2.0203417894011895,-3.0198691874895176],"3A":[-0.10699463421342191,-0.09298707470910977,-0.024181977339465827],"2A":[-2.9707383879119877,-0.3608711187165737,-0.09592524013446758]},"A2R9OK4M877ZCC":{"1A":[-3.007219938449074,-1.5185571103337547,-3.3861918707316065],"2B":[-1.2491748940158076,-2.1407660000945103,-3.0747929324818717],"0A":[-1.2046932116011781,-2.3536784565136797,-2.6664709877240225],"2C":[-1.1953580764807201,-2.146789314145931,-3.116784927612204],"1B":[-1.2175465358626765,-2.16878807906855,-2.9948239822781133],"1C":[-1.237148974595717,-2.1894647602368065,-2.9720965289199857],"3A":[-1.2596168231477516,-2.1092428672659853,-3.1745271684749454],"2A":[-1.2028664485322564,-2.2079280603164824,-3.010892708080144]},"AFXEBGX1I0ZR3":{"1A":[-2.692367592797739,-0.49799121438978194,-3.50062582522088],"2B":[-0.12333224837393433,-0.397405622974199,-3.2849524003430486],"0A":[-1.3032279712445918,-1.503441340587832,-1.6881831613162983],"2C":[-0.23574992029927203,-2.027753493120938,-2.964345638162056],"1B":[-3.181723014824525,-2.3388215856852517,-0.31872167658745776],"1C":[-0.1929616790487437,-1.920527299091584,-2.8534393187265663],"3A":[-3.1930811851346363,-2.330325561694933,-0.2955277799427078],"2A":[-2.9782492322248184,-2.4691998101829244,-0.30797495988681034]},"A12HZGOZQD5YK7":{"1A":[-2.453278684944886,-0.5020205263232482,-3.3573493549702644],"2B":[-0.041272927778215694,-0.1812386380769579,-4.547570101726132],"0A":[-1.278913073663157,-2.276490912439824,-2.456680701253032],"2C":[-1.2860221606971107,-1.4764357050624308,-0.7910517651434248],"1B":[-5.042211615237245,-3.2254940135068786,-0.09939651539266167],"1C":[-0.16365131354636475,-2.0101791729553797,-3.9917292753749094],"3A":[-0.10696533166107762,-0.5007419383571182,-0.004077978258446245],"2A":[-5.5418351746638255,-0.8685447407933816,-0.0076827732568518926]},"A2R794P3E8X0MK":{"1A":[-2.4358483397970194,-0.4754103396602365,-3.176838777536574],"2B":[-0.3562863744743841,-0.6447079243928724,-3.137823579252729],"0A":[-1.386567191024172,-1.524564537509884,-1.8020975459937267],"2C":[-2.450369108069949,-0.48093754738035815,-3.28073714261107],"1B":[-3.029234702952213,-2.3302059060120883,-0.273392472282236],"1C":[-0.3209868637870454,-2.0986352699578394,-3.047538950416301],"3A":[-1.2883242108878485,-1.4895330841661645,-1.814582050833068],"2A":[-3.0085347918808627,-2.424709565384564,-0.3210688319714149]},"A2S8ZTPKX3B928":{"1A":[-2.836756281340385,-0.36384261457521266,-3.320347430627413],"2B":[-0.12285216753933031,-0.3440890592565389,-3.4108650912530387],"0A":[-1.2891247257376321,-1.4478717014110714,-1.8116976405388363],"2C":[-0.15013608527296757,-0.06253728236063259,-0.018559865771991715],"1B":[-3.1065588341942476,-2.220707709940506,-0.051643916266103686],"1C":[-0.24283421941009697,-2.0078439934249515,-2.798174051331939],"3A":[-1.384380256064203,-1.4312330189877347,-1.7732468590842434],"2A":[-5.213064473325488,-0.1671882189785592,-0.013390071420887637]},"A2TZJKKUN0LSHY":{"1A":[-2.3874573853215275,-0.4491788044376675,-3.1252707755137874],"2B":[-0.09606062334991379,-0.11061023059169739,-4.076434240768104],"0A":[-1.103392624579639,-2.223897311332685,-3.105093023868215],"2C":[-0.23191112475372586,-2.0198271491664976,-1.1651124420867736],"1B":[-3.063077689738763,-2.3387004150081396,-0.28338318256526385],"1C":[-0.20837618642457434,-1.9977118851400661,-2.9848399507296515],"3A":[-1.2916162895161232,-1.6964420882013411,-0.9661033536034582],"2A":[-3.7498969373369913,-0.13795931548600013,-0.08548547871306603]},"AEHXJIW38LJS4":{"1A":[-4.296475864281917,-2556.142047034596,-8.045043055876526],"2B":["NaN","NaN","NaN"],"0A":[-1.4084708808827138,-2.8459239418216185,-2.2915589667964875],"2C":[-0.17426481940550959,-3.6111527490283333,-25.176268063999004],"1B":["NaN","NaN","NaN"],"1C":[-0.17033572772426087,-2.084892955289428,-2.856472927501751],"3A":[-0.0011585177226339297,-0.08543770251153228,-0.007114206542207283],"2A":[-4.530634006249952,-0.2956367605534028,-0.026002088194747336]},"AGA1PIIWM8I8D":{"1A":[-3.414255788930588,-76.38115246507638,-6.7680886383416965],"2B":[-0.06931689617830168,-0.14547819586248595,-3.4162000535837196],"0A":[-1.419582787919541,-1.359982160276968,-1.7728577324874004],"2C":[-0.5437620162401652,-4.02059120455675,-0.003624682442181172],"1B":[-3.1770266141716776,-2.2970226091606087,-0.28973365373712895],"1C":[-1.1720862684111426,-2.1219279077104813,-3.036476945195435],