{"AV22FQTJNBUZT":{"1A":[-2.341521580936028,-1.2778412665525665,-2.9654410200680124],"2B":[-0.20537876864509552,-2.2516582984446343,-2.7338131036238043],"0A":[-1.2492972808472256,-2.180306502010716,-3.019963500914737],"2C":[-0.24652651258218594,-2.2102249376998695,-0.8518780838508171],"1B":[-3.0423244682430703,-2.309543970015602,-0.28564037305516754],"1C":[-0.22221458789982146,-1.9498630985708385,-2.9950690015914136],"3A":[-1.370921911572396,-1.5459436977686216,-1.7654963101813408],"2A":[-2.9623102412143765,-2.1782329209164493,-0.9999292038703517]},"AHXDKQOG8YHLP":{"1A":[-2.4501753004491547,-1.2738234036781382,-3.3268720023576024],"2B":[-2.4872885645584253,-1.2232981623925618,-3.0100207642938153],"0A":[-1.3350891915977767,-1.5511580760551218,-1.8397562572136668],"2C":[-0.2748360613084609,-2.0268046541977593,-2.655174226929301],"1B":[-1.642769247116526,-6.087769038800357,-0.015277800806850221],"1C":[-1.2047007495818325,-2.0377787463612917,-3.1469134403852608],"3A":[-1.2748290777665907,-1.534395965885914,-1.821839123819436],"2A":[-3.090114884686981,-2.323385782241661,-0.30604448834629244]},"AFXE92S04IYHY":{"1A":[-2.448603657077739,-1.3123383156687676,-3.229488841238848],"2B":[-1.2120875145091712,-2.1751604841158785,-3.037378192034008],"0A":[-1.3689394902789072,-1.5190738933999162,-1.820952122882798],"2C":[-1.259528258167556,-2.137700817994907,-3.230914399693418],"1B":[-3.203695565066304,-2.358056097661186,-0.06567483241808753],"1C":[-0.2915216116070034,-1.9589333238060356,-3.293393205430316],"3A":[-1.3062230946892521,-1.4844077838719392,-1.8906621933494692],"2A":[-3.1843070035050616,-2.3605774602004623,-0.2996865304824698]},"A3VLY4PLDQ3Z6T":{"1A":[-1.3022603031422033,-1.5113134405021516,-1.817609116011179],"2B":[-1.1447602790653402,-1.6447681378768395,-1.7665999906173817],"0A":[-1.244771405141935,-1.5128285433625657,-1.8802258481654637],"2C":[-2.5858550096414454,-0.4971399191184285,-3.280411816914102],"1B":[-2.9361476291925452,-0.40142701461093305,-1.2399179811864274],"1C":[-1.369516598968382,-1.4478071820710947,-1.7973301917207338],"3A":[-1.3878887371871345,-1.3843173830718396,-1.7388822507999067],"2A":[-1.4260056868976796,-1.461020425690513,-1.7734441945786517]},"AHIM8PGYOIN0K":{"1A":[-2.5837848791830895,-1.3643794987918003,-3.2301453899720407],"2B":[-1.1288873922716105,-2.2806734632266292,-3.0138933451355134],"0A":[-1.348598217195099,-1.5146695435404522,-1.7869443094898818],"2C":[-1.178000384922861,-2.2100401642327707,-3.0562611051487676],"1B":[-3.2378372004983973,-2.350499759814663,-0.3254868157766034],"1C":[-1.2238554236376484,-2.253245440345835,-2.91708255972713],"3A":[-1.3893065853473845,-1.447166580617091,-1.8189595309028743],"2A":[-2.8932340496068756,-2.1826030898545152,-0.9935018461142938]},"A29PB2C8XD8TVG":{"1A":[-2.560363937061827,-1.2292404207623258,-3.0594133518949005],"2B":[-1.1478562311434184,-2.188476461257479,-2.998343890656814],"0A":[-1.4006413204917758,-1.4403365196050726,-1.8415093454266682],"2C":[-1.1309491510116234,-2.18623538645447,-2.9459746047320876],"1B":[-3.02090715461889,-2.227907524879575,-1.0005004804635351],"1C":[-1.1859933539732765,-2.1812866831787656,-3.1714854938760024],"3A":[-1.2530819525754369,-1.5537242442662451,-1.7737312381374812],"2A":[-2.90244825451099,-2.2255983064171305,-1.0167622158760776]},"A1QX6AXRT6T94R":{"1A":[-2.5295292170151447,-0.48687806451873006,-3.3262861614954176],"2B":[-2.2741414206653343,-0.4744572672487475,-3.016671127038278],"0A":[-1.2267006047516709,-1.552299496868916,-1.8298101219016423],"2C":[-1.3764107329289268,-1.4299593270163653,-1.7825309891110916],"1B":[-3.1202698020721673,-2.459062054344007,-0.280120040575695],"1C":[-0.263354238411845,-2.044378313660545,-2.904052130208306],"3A":[-1.388329983354401,-1.53917745178679,-1.7781716995182524],"2A":[-3.0772624188607485,-2.4113775398990565,-0.3091140365607688]},"A1UY2W2FL9CWN":{"1A":[-2.6770491823346885,-0.475303665514655,-3.2938065938087044],"2B":[-0.27379047647675037,-2.0038939766310535,-2.892987260017027],"0A":[-3.1135162899106024,-2.2077002339219205,-0.9320424148703425],"2C":[-0.2559930807929248,-2.0321440650903986,-2.9274313567974235],"1B":[-3.0106942113184796,-2.3723082206976835,-0.2846786947065837],"1C":[-0.21325125551232968,-1.9873763500389345,-2.717791471048692],"3A":[-1.3916921719864792,-1.4224914438341814,-1.8067705277787116],"2A":[-3.0670885842961506,-2.15518560907348,-0.9409387674309608]},"A31K146G2ZKVML":{"1A":[-2.4059116082186285,-1.3751300092252547,-3.0761102000269473],"2B":[-2.521644557113711,-1.2675722733552708,-3.2796595048953496],"0A":[-1.1980275825050999,-2.137619978205274,-3.105397486586926],"2C":[-0.23894637229030072,-2.1828779905681484,-0.8452564470140879],"1B":[-1.676323353016185,-6.0210005776247755,-0.01521369965236826],"1C":[-1.1688137023673464,-2.0974575397093598,-3.193681324696868],"3A":[-2.3378406821927435,-1.25171624648658,-3.1556888915170895],"2A":[-2.922882422265732,-2.258188760693023,-0.9616985741158324]},"AZ9BZONG644TU":{"1A":[-2.3289468389156527,-1.218975511341145,-3.3813981163512703],"2B":[-1.1908796702921725,-2.0874292641364196,-3.383288984484035],"0A":[-1.266998882940854,-1.5610585486555673,-1.8205859503571726],"2C":[-1.2335661046767412,-2.2250963144131846,-2.927187435307911],"1B":[-3.0390127704824708,-2.224331889825804,-0.2800234086578899],"1C":[-1.1100603312873425,-2.2797978294897363,-2.9357370356271604],"3A":[-1.4455426619561873,-1.4132199778550802,-1.792024556746108],"2A":[-2.9326030452219545,-2.2825676222492106,-0.9364629644676842]},"A1A3TGZ7DKJWRW":{"1A":[-2.557514569940882,-1.176676084587902,-3.165962680543167],"2B":[-1.099331678419695,-2.2695255853340615,-2.984632065318818],"0A":[-1.3667416152284868,-1.4959981655201424,-1.6568228036844317],"2C":[-1.2341488383397055,-2.180479373558037,-3.0292284396287976],"1B":[-3.0940958008408983,-2.293111901590467,-0.28736456906570984],"1C":[-1.1989771344509303,-2.1343011661841,-3.1802854003924415],"3A":[-1.129717323346288,-1.6367092563162258,-1.740627508554301],"2A":[-2.492485436673614,-1.3460806980469953,-3.168447296706261]},"ABSK944CGG5N":{"1A":[-2.7521817335825633,-0.36980053298181204,-1.2305981727978934],"2B":[-0.4095715692144125,-0.6570848787560807,-3.1026241416280076],"0A":[-1.362756617704972,-1.7522207426210024,-1.9267083701406582],"2C":[-1.2279938498992118,-2.211301011167093,-2.9167637261397443],"1B":[-3.0785286881526654,-2.286702127381318,-0.3075234753942252],"1C":[-0.9980771868780893,-1.4597592351804265,-3.0679214404460233],"3A":[-1.2858241295951474,-1.5700887451600467,-1.88136039062153],"2A":[-3.0111435416392047,-2.3793459136782418,-0.24629698640165235]},"A341XKSRZ58FJK":{"1A":[-2.3319869540044724,-1.275693280136625,-3.151338461702278],"2B":[-1.182869839294165,-2.2196190484709795,-2.9938007995046356],"0A":[-1.2790068552997589,-1.4452175976888064,-1.8627796963002803],"2C":[-1.2786396260684287,-2.1170859307729573,-3.2154233907362193],"1B":[-3.0728722296480706,-2.260709060403867,-0.2779712072935944],"1C":[-1.2642347697820384,-2.1779926381413874,-2.9868415445786693],"3A":[-1.3118009226499698,-1.4417374971501182,-1.7346277270778576],"2A":[-2.939344300353078,-2.3886867546645747,-0.25923778649449153]},"A327IIFWCLYR8A":{"1A":[-2.7462921068348694,-0.4945527319959561,-3.3484252028351764],"2B":[-0.4495213063227453,-0.6453588619308203,-3.381095697395841],"0A":[-1.422520394774649,-1.4555716016780287,-1.7227208486621826],"2C":[-0.2790068040002798,-2.0725010638637538,-2.807420653996643],"1B":[-3.13398492974192,-2.3880800536646865,-0.3074091595905569],"1C":[-1.1554356852621537,-2.2797025615400712,-2.8901741763669495],"3A":[-1.3424650827925946,-1.4431212290069475,-1.8521277440744672],"2A":[-3.138051652868284,-2.377902219140661,-0.05413034283013196]},"A1P08M8GNREVEK":{"1A":[-2.647133313976927,-1.2961402721946034,-3.1892449412975297],"2B":[-2.4273729885011206,-1.2438010898891854,-3.1229703873792705],"0A":[-1.1521192775911526,-2.7109339055766513,-3.1166361040678905],"2C":[-1.1651025267569703,-2.1609890406305823,-2.9224422604214024],