{"A2NGG3KW6YTS1G":{"1A":[-2.8198956712798617,-0.6979085598813523,-2.732360162180022],"2B":[-0.32910411673286327,-0.26554628076056735,-3.447509080213194],"0A":[-1.6476883052894602,-2.8018073873101557,-2.794268930997766],"2C":[-0.6703307633584767,-2.81829547764189,-0.577593691926499],"1B":[-2.979074464250062,-2.2755558883928675,-0.5357752249223557],"1C":[-0.6289572229150572,-2.361457717744886,-2.879049768696661],"3A":[-0.7434834692152967,-0.8231131053374837,-0.6040166673016301],"2A":[-2.5341727563233065,-1.1562878400291625,-1.137048671689784]},"AIBFR88A00FP3":{"1A":[-2.423901169904273,-1.400568387695385,-2.7235460292571263],"2B":[-1.3653092851573143,-1.9483686916595655,-2.8911961243137076],"0A":[-1.4771702534901565,-1.8896391800864702,-1.9497593439487642],"2C":[-1.0828820910211845,-2.3338306136983364,-2.1299199254865946],"1B":[-2.543208796823375,-2.165234826173726,-1.1314618459396601],"1C":[-1.3491933472509245,-2.155439302188716,-2.5342308292249003],"3A":[-1.4573316740767135,-1.7425000822972692,-2.0813894356699874],"2A":[-2.4128505800658715,-1.3124689155187896,-2.0563898936250724]},"A2AGQGMZVSZVUJ":{"1A":[-2.5520389156173247,-0.9862894235311747,-2.6320167145989086],"2B":[-0.8110883671069776,-1.3536284860243804,-2.749500025146404],"0A":[-2.589968111187935,-1.4849125275274986,-1.537416181747267],"2C":[-1.6799764036693408,-3.0568233721642866,-0.7989570606963694],"1B":[-2.59977269403428,-1.7561086640492773,-1.2195949824279175],"1C":[-0.9881574783440544,-2.442149004364926,-2.745385803071885],"3A":[-1.487475785537767,-1.7942819933224723,-2.1162381224436895],"2A":[-2.6310623095519032,-1.7136573237668111,-1.2404467971420594]},"A244X2KYRPNOEO":{"1A":[-2.4429338263325566,-1.0117679320435695,-2.607389384865792],"2B":[-1.286933091196722,-1.6293719363163592,-2.442464485540975],"0A":[-1.51028401238021,-1.8785133064565793,-2.0811359828240157],"2C":[-0.7686322602019343,-2.3004863654600167,-2.0221020373684353],"1B":[-1.626080162780009,-2.536666114422482,-0.6033351980900065],"1C":[-1.3209082534370655,-2.2321433517957847,-2.513294102298907],"3A":[-1.491456978267782,-1.8596006871185256,-2.023052283551718],"2A":[-2.4128422573341615,-1.8706767327157756,-1.2129899554733479]},"AK37IEOYWN5YH":{"1A":[-2.7080867867179466,-0.3343933716085714,-3.0812943875827505],"2B":[-1.1596468061652039,-0.6468215967695262,-2.9353460426672755],"0A":[-1.550503939511391,-1.8000255441770079,-2.1920476949616767],"2C":[-0.2517251157010412,-2.4642616813925353,-0.6477871875892574],"1B":[-3.035361495706001,-2.550256002882726,-0.28958769629084835],"1C":[-1.2432418436884063,-2.369248259315507,-2.4380997033145815],"3A":[-0.7362881454162379,-1.1598618723754655,-0.7209585924543449],"2A":[-2.850140675965796,-0.35687282450943847,-0.6912025832812512]},"A2VDDES6LFZOFW":{"1A":[-2.413620618943174,-0.9876839319161328,-2.56196795003948],"2B":[-0.7905325480520864,-2.4586127634481496,-1.8864873126511301],"0A":[-1.5251711999158117,-1.7969643994526052,-2.1045237982064133],"2C":[-0.9867403611603721,-2.4144389271177675,-2.5900723964986314],"1B":[-2.776606719634804,-1.790975679622374,-0.8178299873843915],"1C":[-0.9741259779905919,-2.4605040775665064,-2.467636018957229],"3A":[-1.5068777325811162,-1.8631388905653874,-2.1426161342968073],"2A":[-2.186288895168982,-2.24430788617444,-1.1179412590342506]},"A2ICVDCUQ736Y9":{"1A":[-2.5607107669689775,-0.508119988186631,-2.7240336964395073],"2B":[-0.3986506351450462,-0.18518783624502477,-3.4250611464589555],"0A":[-2.3873819054678243,-1.3333243994267294,-2.7413552006029707],"2C":[-0.7062747708984648,-2.8924876705526525,-0.5984581429176222],"1B":[-3.092358581556407,-1.8822170277400814,-0.2547597867484218],"1C":[-0.9635134828029033,-2.2689106851818943,-2.4316085904944953],"3A":[-0.8340861542160154,-0.5804394241388734,-0.6388936154753885],"2A":[-2.7766266891032974,-1.0464249489155344,-0.8261880208698132]},"A2R9OK4M877ZCC":{"1A":[-2.6159364018576245,-1.4301755702418735,-2.686823326355779],"2B":[-1.318734418316043,-2.321704162691747,-2.5292274003782853],"0A":[-1.2881172587173388,-2.1606518049445245,-2.379104194031218],"2C":[-1.3008699367666356,-2.331398969226135,-2.4740447327501482],"1B":[-1.30822136923984,-2.2640116695963517,-2.460419046254719],"1C":[-1.3125506279910688,-2.3666753821176214,-2.284505950229709],"3A":[-1.2887879022833861,-2.383263339332487,-2.454842309490726],"2A":[-1.295838193470291,-2.3098744511028078,-2.8235107031693096]},"AFXEBGX1I0ZR3":{"1A":[-2.095589090454623,-1.0178515162328385,-2.586183443267277],"2B":[-0.815581543155309,-1.2761235168333556,-2.6882848925239227],"0A":[-1.5120615917354683,-1.8147309444864865,-2.205290293003098],"2C":[-0.9744379750943657,-2.4150638737841206,-2.342239424982836],"1B":[-2.6594495225532855,-2.015593076230658,-1.0742253128349084],"1C":[-0.9974453324151921,-2.4115410456788178,-2.442062071628925],"3A":[-2.6522025641017644,-2.0700692397129536,-1.0522730091672383],"2A":[-2.5206222452882496,-2.100911671241702,-1.0862998821707108]},"A12HZGOZQD5YK7":{"1A":[-2.354371837862841,-0.9854179142695179,-2.7453619934387765],"2B":[-0.49929887771189585,-0.806992840956847,-2.935037788528812],"0A":[-1.8280626687081452,-2.2739071950679275,-2.3524032965551],"2C":[-1.9949373745099637,-1.784060231717445,-1.4186919182057103],"1B":[-2.900773604224708,-2.547718372020965,-0.19542228611655194],"1C":[-0.6118369043882562,-2.450133494665462,-2.70930934015835],"3A":[-0.6761897181141072,-1.349926749183301,-0.3455954422074128],"2A":[-2.7928535177815594,-1.5793591414723258,-0.45929055947300046]},"A2R794P3E8X0MK":{"1A":[-2.442719986245689,-0.941798286623398,-2.5133898773340744],"2B":[-1.3030215101293507,-1.5701791300807315,-2.3886778766996057],"0A":[-1.5642984915838394,-1.7930627719287788,-2.361762443773973],"2C":[-2.5474337773068774,-0.973078580028844,-2.8019513233718065],"1B":[-2.242214338971036,-2.131159654924818,-1.1167028127554186],"1C":[-0.9757384427190384,-2.397236651350267,-2.5829651247885854],"3A":[-1.496739199021175,-1.8690251391767585,-2.3145809059773854],"2A":[-2.4723350549154737,-2.2631428227016825,-1.0191094425160092]},"A2S8ZTPKX3B928":{"1A":[-2.523565675229961,-0.6863689734374073,-2.573865407078011],"2B":[-0.8474188205843368,-1.331188405238318,-2.80216259167254],"0A":[-1.5761558130454476,-1.8535280410504344,-2.2811531328845875],"2C":[-0.891305075718019,-0.6985832202658965,-0.505658446343282],"1B":[-2.64635626615601,-2.0777079145472164,-0.90032696762085],"1C":[-0.9963874840084764,-2.3060615472114994,-2.7696178572931873],"3A":[-1.5286631069542556,-1.8287984419795713,-2.1580827981004864],"2A":[-2.9785420557723215,-0.5808022176902301,-0.5384584909520248]},"A2TZJKKUN0LSHY":{"1A":[-2.4083178962616474,-1.0020030023523725,-2.6993361940745526],"2B":[-0.6504378192447744,-0.5997621077819104,-3.045990430182642],"0A":[-1.3037829962493168,-2.35932672725131,-2.2538900896749863],"2C":[-0.7272570614536324,-2.17616815318372,-1.9428505003122378],"1B":[-2.513970792775568,-2.0367869827857583,-1.097843232503632],"1C":[-0.9641544189625065,-2.279941741156938,-2.406625403221429],"3A":[-2.0708346805252966,-1.9822905610195214,-1.423406727571686],"2A":[-2.864759596492049,-0.580853880164384,-0.5463076639288635]},"AEHXJIW38LJS4":{"1A":[-2.584637132744021,-0.1366213249446481,-3.0734982932223223],"2B":[-0.3023364035576907,-0.09934004954189234,-3.430288620614806],"0A":[-1.8551416742910567,-2.409853907992832,-2.5335799702607664],"2C":[-0.44352300146012175,-3.0713573268730268,-0.15300164063906257],"1B":[-3.9394271325117787,-3.3484925773187384,-0.055734658991617184],"1C":[-1.0093600358874217,-2.239423124615476,-2.6997835840698934],"3A":[-0.24247386933336565,-0.44049347233808245,-0.3849689747099214],"2A":[-3.024741096109467,-0.5796430645760673,-0.31701634488404595]},"AGA1PIIWM8I8D":{"1A":[-2.5288334513962067,-0.32494499463882204,-3.0640024105184334],"2B":[-0.6906443879109886,-0.8433004347485753,-2.7147440460179784],"0A":[-1.5665026206544779,-1.8586133202741673,-2.25868551998745],"2C":[-0.9296121772321628,-2.992676520738664,-0.5791206160091268],