{"rank_1":{"xox":[-3.0520336810312,-2.724296834352854,-0.3523471205293542],"oxo":[-0.35459821353575527,-0.7340488919780276,-3.4232037167542524],"xxx":[-1.231018290401572,-1.7127141899464322,-1.9200334264468966],"xoo":[-0.2431034765034859,-2.516928162770772,-0.42826811994673497],"oox":[-3.0641449425076748,-1.4483419355075013,-0.33305807942639476],"oxx":[-2.357586250522583,-0.8194825365198234,-3.3618898525215],"ooo":[-0.7366010942360194,-1.1546370475156174,-0.7590529456920324],"xxo":[-0.596654145819731,-2.014166884781279,-2.7777876275468247]},"rank_2":{"xox":[-3.2493888943327667,-2.247322996685929,-0.043311501219298526],"oxo":[-0.7024212954323086,-1.2452829083171717,-3.7352548059361035],"xxx":[-1.215666962845099,-1.7116070083121426,-1.8952050188609548],"xoo":[-0.4070373493367351,-3.1776081864810957,-0.5887005665434899],"oox":[-3.11338046025271,-1.0992236412965606,-0.34272019890753413],"oxx":[-2.4923106918104105,-1.2347789314109987,-3.116135574786681],"ooo":[-0.8827051131760125,-1.2312340225871063,-0.5967644454693637],"xxo":[-1.118314494851371,-2.1589595405097866,-3.1708795504453504]},"rank_0":{"xox":[-3.339108648009013,-3.062323803146857,-0.48528250820724206],"oxo":[-0.1183108062644292,-0.6726154375614838,-3.1879503568132446],"xxx":[-2.28603692523493,-1.9015186374805717,-1.2574300490137242],"xoo":[-0.5329796594210532,-3.0608021593898855,-0.6183410057193764],"oox":[-3.030108001515741,-1.4589558766130177,-0.8804243390954988],"oxx":[-2.278402324743814,-0.4775256768134906,-3.105997017826239],"ooo":[-0.537031019472736,-0.8893598326512501,-1.141651229968329],"xxo":[-0.12245413154488112,-2.0462727962875564,-3.0660556874072693]},"rank_5":{"xox":[-3.3803562093759774,-2.709611688767583,-0.05098069791369813],"oxo":[-0.4232578647598363,-0.5949327857266504,-3.0106475083088804],"xxx":[-1.2645797548356126,-1.4618740520302294,-0.6998599817046876],"xoo":[-0.6153841654427256,-3.465704865667077,-0.4734757391199128],"oox":[-2.921848221613257,-0.844664168211102,-0.5715157315480532],"oxx":[-2.767221867281704,-0.9087923755564009,-1.4006390415002112],"ooo":[-1.0254150134680926,-0.8448182446212089,-0.6207915096054527],"xxo":[-0.7091803580573187,-1.127775206992182,-3.816779655691768]},"rank_6":{"xox":[-3.3686287954370413,-2.842781522063973,-0.0797718681870539],"oxo":[-2.64169820518873,-0.8050025440650002,-3.3932219639374748],"xxx":[-1.7753580666447042,-1.9046576879944985,-0.5292420781382771],"xoo":[-0.2941124447695883,-2.8348476722572524,-0.25472969341167195],"oox":[-3.1030419471839656,-1.340961142763953,-0.08193453315883047],"oxx":[-2.869723460629356,-0.6125346044423958,-1.166671305771384],"ooo":[-1.231635888251197,-1.2845693523954913,-0.5133796813222213],"xxo":[-0.29948629716993336,-1.949780568307387,-1.0201388153736453]},"rank_3":{"xox":[-3.464505676555529,-2.8681340868363767,-0.10002352761348851],"oxo":[-0.07516528641659088,-0.3298306719634422,-3.294001536427181],"xxx":[-1.235117642592791,-1.4894550162422833,-1.7738399455494234],"xoo":[-0.4866977366809807,-3.226722273374795,-0.5316814487267764],"oox":[-3.0373648101793442,-1.1896856531549076,-0.3777947513916606],"oxx":[-2.949576472526792,-0.3628516533919716,-1.145788796767686],"ooo":[-0.8477278335368263,-0.9705855066809596,-0.8568949386460549],"xxo":[-0.15104336841644714,-0.6816973201203333,-3.5626820762593647]},"rank_4":{"xox":[-3.207831008666448,-2.987519947945181,-0.07830851262775655],"oxo":[-0.13922360221790564,-0.39339071872055476,-3.2798069623947557],"xxx":[-2.952494727470701,-2.338570084902684,-0.9376320849046246],"xoo":[-0.6253711976025753,-3.7683680599609,-0.3580595779482614],"oox":[-3.0167623188462445,-1.3533294182768703,-0.24426302815779574],"oxx":[-2.6343760016804585,-0.5322900091949606,-1.2605222721333003],"ooo":[-0.9644792432575895,-0.8953923438438378,-0.7227707899982639],"xxo":[-0.30727309996324237,-0.7096101723648762,-3.379093114858583]},"rank_16":{"xox":[-3.08445857032039,-2.4026861634448125,-0.421046616496213],"oxo":[-0.3038813665517705,-0.16214477104198916,-1.405707212818926],"xxx":[-0.8915087742792521,-1.0970124224608777,-1.6422920159378835],"xoo":[-1.0876286442224445,-4.603920567437614,-0.5052835698608528],"oox":[-3.1706497235216493,-1.2569943151747633,-0.23619885104589478],"oxx":[-2.780887570612369,-0.6039829150470616,-0.8234849191866149],"ooo":[-0.5515835823125449,-1.0517435870046363,-1.3004333338322216],"xxo":[-0.47034797193508454,-0.9619355558949391,-1.7900698796024268]},"rank_9":{"xox":[-3.2002353238535406,-2.467128963803641,-0.22498058174873975],"oxo":[-0.1347408313337854,-2.0917686656690746,-3.2306100905287276],"xxx":[-1.0309373923674137,-1.4524651625640512,-0.9833412879120936],"xoo":[-0.9853940003735223,-4.711625837542974,-0.4202843936424845],"oox":[-2.995706662590701,-0.9629215046140095,-0.4849910760437479],"oxx":[-0.8248023765172368,-0.30394427184257006,-1.0580364074297341],"ooo":[-1.0074600851750617,-1.285155277554162,-1.2178990525507214],"xxo":[-0.18148815077865021,-0.7824810571939522,-1.053437880296672]},"rank_17":{"xox":[-2.967251516422138,-2.4544775267524663,-0.951997622507915],"oxo":[-0.7566540793148797,-0.2422178916576495,-1.0204686505322629],"xxx":[-0.8052452754104478,-1.1758962750010369,-1.5058482289420514],"xoo":[-0.972887779499498,-4.573202501718806,-0.4326801949986003],"oox":[-2.805454417415045,-1.3514433257221892,-0.048598893690290794],"oxx":[-3.026097466829817,-0.5442516243185456,-0.8108584004939349],"ooo":[-0.778187012774794,-1.7610457910646593,-0.5714927330735654],"xxo":[-0.45414026972982313,-1.1132984026652903,-1.5570614826726412]},"rank_18":{"xox":[-3.064121132831257,-2.31263577636963,-0.8971057784076607],"oxo":[-0.1359572028086335,-0.707423895117135,-1.0614011273410313],"xxx":[-0.7941899618895935,-1.0824001019905145,-1.63250087830358],"xoo":[-0.1572738910633487,-2.3447458905846124,-0.5831416420787121],"oox":[-3.0679812740009895,-1.3212977590199826,-0.07259902352149171],"oxx":[-2.808287594727891,-1.1509185285289252,-0.9649468812203557],"ooo":[-1.1374763652817321,-2.068865176006144,-0.7422047007037744],"xxo":[-0.9285641085251034,-1.418716010288279,-1.7650068854684007]},"rank_7":{"xox":[-3.2504155776007293,-2.4981859810703853,-0.08963413528798116],"oxo":[-2.3629343385033357,-1.2240307672561173,-3.2093749321053795],"xxx":[-1.0319044281677499,-1.4182433002725843,-0.8334305140605239],"xoo":[-0.7090740739581646,-3.7774188335156187,-0.42032819829545],"oox":[-3.0829522023735954,-1.4149032733912212,-0.10905366172309428],"oxx":[-2.6532211721098307,-1.0344353812166862,-1.294599360074128],"ooo":[-0.5655484082907969,-1.1516103431346887,-0.9234225259645201],"xxo":[-0.3746691516138274,-2.2514549057581834,-0.747008063957995]},"rank_19":{"xox":[-1.3946284792696595,-2.2677621216205335,-0.5692100255629153],"oxo":[-0.16961952414237869,-0.706873800116441,-1.4711548428976766],"xxx":[-0.8979412694609558,-1.302995923409171,-1.644108795552325],"xoo":[-0.482934818108004,-2.4229339121478244,-0.7923588315329747],"oox":[-3.2072593580366537,-1.2510565004155967,-0.2420296717691796],"oxx":[-1.7010159969511212,-0.39901112271993716,-0.5708872761879342],"ooo":[-0.6685817628082552,-1.4662844868593892,-0.6463156305991528],"xxo":[-0.5120901317566318,-1.0693032342984046,-1.55146596363394]},"rank_8":{"xox":[-3.1121851456159426,-3.4050240881709524,-0.40792874456151806],"oxo":[-2.467811712547064,-0.5138346332893963,-3.292567026542012],"xxx":[-0.9624150402522381,-1.370112354118629,-1.252660636812005],"xoo":[-0.2845775003338004,-2.6983434174886636,-0.32749310494366674],"oox":[-3.19384642782099,-1.014598359980994,-0.5479018920927698],"oxx":[-0.7729888577804211,-0.2509188626822959,-1.0347420074172158],"ooo":[-0.5850984098214833,-1.115813616655991,-1.0977291319803275],"xxo":[-0.8616160844149188,-2.963823106863202,-1.0228232099063432]},"rank_12":{"xox":[-3.027858138007844,-2.5744169475406133,-0.09593527030602626],"oxo":[-0.6161196388915665,-0.24959250564639857,-1.6096568518035368],"xxx":[-1.1937387293804231,-1.9886918377707963,-0.5460463375150381],"xoo":[-0.5370908073501947,-3.6773532444224917,-0.46002968805050554],