{"rank_1":{"xox":[-3.043759257023582,-2.495178130933128,-0.2271874122234271],"oxo":[-2.5838947030205532,-0.5126057465314905,-3.6047025834664566],"xxx":[-1.1989217397112004,-1.6693782605518075,-1.8990372772164918],"xoo":[-1.1340581645015364,-2.1545081958679604,-3.0202182531256763],"oox":[-2.8992581497383916,-2.5313650452610315,-0.21480820592604322],"oxx":[-2.423902330989984,-1.331130682781841,-3.1121630602064156],"ooo":[-0.8262927805593981,-1.1009696266411877,-1.443563740792986],"xxo":[-0.07126184303689127,-1.9760980911223966,-2.737235871525604]},"rank_2":{"xox":[-2.7751806617326635,-2.6743453403275996,-0.8371162998927562],"oxo":[-2.434646822546739,-0.8065964924162808,-3.062368390656367],"xxx":[-1.2282286514297407,-1.7424812263040432,-1.9521965263846224],"xoo":[-0.33883480678381656,-2.0243773474604705,-1.0534790939127539],"oox":[-3.018010958969559,-1.2008629036503466,-0.5914268764692346],"oxx":[-2.4051597319529585,-0.7951873036991624,-3.2208377352692654],"ooo":[-0.5702225277568664,-0.878675716613005,-1.0481018455027493],"xxo":[-0.5841131345902357,-1.959414982830248,-3.0803296219767193]},"rank_0":{"xox":[-3.057380818400862,-2.2810661967064094,-0.8927299698160944],"oxo":[-2.408429384359894,-1.2664482657619436,-3.1567524039647226],"xxx":[-1.1015072199794862,-1.483601903387962,-1.7081965106695356],"xoo":[-0.4550423803660586,-2.6514372459029767,-0.5477278706472768],"oox":[-2.8831482554292744,-2.3116075348169964,-0.9289716068823392],"oxx":[-2.4600520495491742,-0.5143545416227073,-3.285471547905863],"ooo":[-1.153678908071456,-1.5425068920495315,-1.7702719569433474],"xxo":[-1.1366906270380832,-2.1961442742735198,-2.990004763048717]},"rank_5":{"xox":[-3.0717771615065237,-2.70122956581947,-0.33620071568220694],"oxo":[-0.7196410353805284,-1.012695994970037,-3.7287230213154428],"xxx":[-1.357392218942029,-1.8357557017004948,-2.159426204747604],"xoo":[-1.0645824152824235,-4.1065477315891,-0.41630927027262066],"oox":[-2.9288035310320377,-1.3784437565986136,-0.286083063701907],"oxx":[-2.5396019318948686,-0.4287798036144906,-3.153788728855734],"ooo":[-1.2062972480487257,-1.7451567582148453,-2.0016258497955026],"xxo":[-1.198872070152995,-2.2635212609159834,-3.026093890149479]},"rank_6":{"xox":[-3.050797157530167,-2.538869687737358,-0.10841196535850925],"oxo":[-0.5347307687857061,-2.0268693231220913,-3.0037720855626424],"xxx":[-1.3650008153272286,-1.8297182176502413,-2.0661506751470724],"xoo":[-0.8677693891500664,-2.9775180324180486,-0.9613384669305945],"oox":[-3.3282443836133253,-2.6484093303176204,-0.157911513006406],"oxx":[-2.539679167324375,-0.3037348202119513,-3.5527628766009727],"ooo":[-1.2273250319224143,-1.6944582691199461,-1.983731656710091],"xxo":[-0.7488682210612724,-2.069871026227947,-2.869633196852701]},"rank_3":{"xox":[-2.991795751744364,-2.3874278614795443,-1.0167017267554963],"oxo":[-1.2349028335726926,-2.0451769536203237,-3.400102733375332],"xxx":[-1.2837361021919214,-2.003528255840969,-2.0391442426491277],"xoo":[-0.5757260461334358,-3.0246537475359445,-0.4259125091468525],"oox":[-3.1396371324522674,-1.4588909138094854,-0.8520218200845435],"oxx":[-2.78695083274367,-0.274040748915391,-3.8429539605881384],"ooo":[-0.5463091548450278,-1.054029629728083,-1.268881325973373],"xxo":[-1.1711450453570884,-2.5580688538840914,-3.2589044262729043]},"rank_4":{"xox":[-3.1842346196087963,-2.439822649467196,-1.1117166185151695],"oxo":[-0.33841393441764206,-0.7128558794720052,-3.187234890668649],"xxx":[-1.2688130877611066,-1.8896806344782302,-2.0953149394533197],"xoo":[-0.5592752616265226,-1.8832303767672147,-2.749431707115188],"oox":[-3.1181612809974246,-2.632984826634749,-0.11407665726522512],"oxx":[-2.691850648594681,-0.2632110720288453,-3.7985524452951176],"ooo":[-0.441620020296114,-0.8661129349057495,-1.7245097679055956],"xxo":[-1.1853548780166994,-2.508405075465601,-3.2625301081917484]},"rank_16":{"xox":[-3.4380601117634737,-2.8520296636052387,-0.07445360772878722],"oxo":[-2.5753437253115186,-0.4698861602363339,-3.386163900843801],"xxx":[-1.3221863529794298,-2.158748572776768,-2.0917095385663833],"xoo":[-0.5107223371694287,-3.631858403105895,-0.46531997538067865],"oox":[-3.2325559737304785,-0.9409555873126887,-0.48550689317429985],"oxx":[-2.6874225646941703,-0.4002885190978372,-3.6136280180813065],"ooo":[-0.5970662591350023,-1.3453994802678535,-1.0206825166243798],"xxo":[-0.11412606887740519,-2.295698306165862,-2.9063629207738217]},"rank_9":{"xox":[-3.4157336033036847,-3.0083649093399085,-0.5115731982957837],"oxo":[-0.11852629601905582,-0.6854617683314873,-3.535583641227875],"xxx":[-2.154997853107015,-1.896274209666127,-1.315356919807144],"xoo":[-0.3397983013899385,-2.1162933848856085,-0.7701548856244398],"oox":[-3.033459563895479,-2.5675805729176475,-0.44094338091007307],"oxx":[-2.5766142569755752,-0.34654461095904787,-4.125357713645978],"ooo":[-0.6548762858842081,-1.6559733925414293,-0.5311402021879793],"xxo":[-0.09970750669459698,-2.3650136105190143,-2.822771501071111]},"rank_17":{"xox":[-3.2209378146850107,-3.3688636184214875,-0.421322058404942],"oxo":[-2.5192338615001493,-0.297388342927009,-3.4251031843051187],"xxx":[-1.1827516992240843,-1.9919817444766335,-2.018435380010264],"xoo":[-0.34858758210335333,-2.508972535121384,-1.1743113760148123],"oox":[-3.0277952149368206,-3.0038836697389235,-0.06832029982658894],"oxx":[-2.4502384135566055,-0.9797460446695486,-3.0456470335855514],"ooo":[-0.6818919052199062,-1.053636056724856,-1.596576791214004],"xxo":[-0.0863958647498147,-2.14362473262942,-2.770846440629894]},"rank_18":{"xox":[-3.1374388882218867,-2.4898283221165887,-0.03772999992652603],"oxo":[-2.430812100059264,-0.730013188137364,-3.242187609893966],"xxx":[-1.5315944458515007,-1.990070394067944,-2.280674538735934],"xoo":[-0.16836972332191286,-2.148109625355762,-0.7403971952080588],"oox":[-3.155382743050011,-1.244132865668265,-0.21416206678635238],"oxx":[-2.279849360446656,-0.613029834563562,-3.2516042882222265],"ooo":[-0.7878609606629132,-1.0941150281126257,-1.61867595854608],"xxo":[-0.09979603463857219,-2.365042070929597,-3.2797369642435243]},"rank_7":{"xox":[-3.2664749954696055,-2.6580964571432384,-0.14892631529692335],"oxo":[-0.1583699423244487,-1.9849865827274882,-3.0566484884051577],"xxx":[-1.4279510867001972,-1.8969936369631017,-2.162622195809201],"xoo":[-0.10291058069518455,-2.0229315479444105,-2.8895638622534277],"oox":[-3.4856523990808603,-2.455454519171061,-0.09929202451237296],"oxx":[-2.6176928163444275,-0.32806477083392593,-3.7991459590765273],"ooo":[-0.6508659406619256,-0.5716560922122763,-1.4548472658639067],"xxo":[-0.3244617948796277,-2.2005070397405873,-3.1743901637608656]},"rank_19":{"xox":[-2.80888553598409,-3.1422154185081994,-0.7676978478016604],"oxo":[-2.466253947804772,-0.5127018789332131,-3.358355307527283],"xxx":[-1.4273601172306913,-1.973342970686621,-2.1984950412494517],"xoo":[-1.174269613338384,-2.601788751654242,-3.2086845882412756],"oox":[-3.082453578462774,-1.437413989211624,-0.09400684817125825],"oxx":[-2.720046148585097,-0.6045318932802551,-3.1183513436724857],"ooo":[-0.7429906397606647,-1.097659812980529,-0.7256462624314967],"xxo":[-0.17233834823201416,-2.248957393702948,-3.127641108751697]},"rank_8":{"xox":[-3.334270675392618,-2.386299867299868,-0.11790156105823316],"oxo":[-0.3677469205360744,-0.7473395591963429,-3.4358593985391357],"xxx":[-1.421016819326789,-1.8742651347783408,-2.1337353843262976],"xoo":[-0.5947423774103576,-3.3863258878966924,-0.3258426164835885],"oox":[-2.92237247524355,-2.55025216448074,-0.9520632983492026],"oxx":[-2.3968786658484698,-0.3450012372762417,-4.0000203927130835],"ooo":[-0.6071523786465762,-0.49509337548908505,-1.3371690141544166],"xxo":[-0.452276069951034,-1.9065484877834677,-3.2106050866783313]},"rank_12":{"xox":[-3.3275963860955264,-2.4554568447823457,-0.056273161494386],"oxo":[-2.249509412034986,-0.9491955350521313,-3.0990626258720675],"xxx":[-1.4963871846241994,-1.9966980715046778,-2.0954598448684285],"xoo":[-0.5074136374650244,-3.0070137740836325,-0.6006463272747136],