{"A2NGG3KW6YTS1G":{"1A":[-2.4511433757254193,-0.6938240561491394,-2.8720502823355085],"2B":[-0.3524394066919159,-0.2852376881153409,-3.603714974645049],"0A":[-1.6408506595813,-2.829717888895124,-2.6436062229461883],"2C":[-0.6450731546054613,-2.822678820425278,-0.545379285017463],"1B":[-2.872929714392028,-2.318734006284002,-0.4936983883315493],"1C":[-0.6073653378865249,-2.3203023138215975,-2.607254508246414],"3A":[-0.7290139283013676,-0.8422147103534747,-0.5808100333627688],"2A":[-2.4938002599674256,-1.1919755613058467,-1.1729910634141198]},"AIBFR88A00FP3":{"1A":[-2.375880684971195,-1.2951540538551858,-2.3262483333492057],"2B":[-1.3833634480894395,-1.738253713184078,-2.711119093983225],"0A":[-1.54075602440823,-1.882972676528564,-2.213111545129464],"2C":[-1.1126283824256067,-2.2633663476223598,-2.179295410535982],"1B":[-2.5962656738010854,-2.0159112953007483,-1.1777247283516221],"1C":[-1.2972476621568898,-2.380493591322458,-2.5874567249575247],"3A":[-1.4567199936677029,-1.9050728727328712,-2.0836892678508514],"2A":[-2.4314273636256125,-1.3385310274526623,-2.3076856343910674]},"A2AGQGMZVSZVUJ":{"1A":[-2.44589756484389,-0.975506933886366,-2.7379051499377507],"2B":[-0.8229605883205308,-1.3463106073614608,-2.5169522338345063],"0A":[-2.5997253308720545,-1.4760811423530915,-1.5672143671681873],"2C":[-1.6591492113250463,-3.0552070719072306,-0.7949195707653611],"1B":[-2.502062891684114,-1.7991731151692796,-1.221551252823674],"1C":[-0.9677123855402725,-2.4092376148064987,-2.5542133360632726],"3A":[-1.502231169166854,-1.9178582070585237,-1.9642293447448806],"2A":[-2.752372623735571,-1.7701622861292357,-1.2310861963757525]},"A244X2KYRPNOEO":{"1A":[-2.4032020715632663,-0.9815108726358357,-2.5854285847063396],"2B":[-1.3126039750806613,-1.6243048003841802,-2.7559098769361077],"0A":[-1.5208757128183772,-1.8207724787166006,-2.255952579969397],"2C":[-0.7525929533907235,-2.356843477537813,-2.0780313262872117],"1B":[-1.619999927811151,-2.483643845560155,-0.6462186105283065],"1C":[-1.2890515931879165,-2.23725909109108,-2.709046460112446],"3A":[-1.5082205986262174,-1.8413187944961538,-2.067179825013256],"2A":[-2.7455284328657106,-1.8487214849353792,-1.198112504790027]},"AK37IEOYWN5YH":{"1A":[-2.441944570434092,-0.32192516427347906,-3.048905968867301],"2B":[-1.0717285377917065,-0.6721870894145475,-3.0664673400840576],"0A":[-1.541505809057242,-1.8767807885945833,-2.125905452292909],"2C":[-0.2429089506058503,-2.421156410543267,-0.6225350567452175],"1B":[-2.951663570333475,-2.6037625963887505,-0.2978145956373613],"1C":[-1.3184950171701586,-2.3254294386390995,-2.613235570560064],"3A":[-0.703769381459356,-1.1951471987496007,-0.6782978732206374],"2A":[-2.557598468045801,-0.35907535046288697,-0.653966254620794]},"A2VDDES6LFZOFW":{"1A":[-2.3529576428564223,-0.9581349078251061,-2.675819262378159],"2B":[-0.797226627733976,-2.5220585243012765,-1.9689181851215167],"0A":[-1.5392211462386307,-1.8231831918006367,-2.2810636403654634],"2C":[-0.9511472090241281,-2.359263880829689,-2.5222154209315617],"1B":[-2.488994765991333,-1.6967226753311757,-0.8067612830945501],"1C":[-1.0020743402946424,-2.21539817812487,-2.7938463883870353],"3A":[-1.5837910339069352,-1.774867545992625,-2.2109835831746953],"2A":[-2.491752366314979,-2.110768870577509,-1.0504014172640497]},"A2ICVDCUQ736Y9":{"1A":[-2.599984997288714,-0.507972311010741,-2.8601922511976396],"2B":[-0.39218388745155436,-0.1766433442402205,-3.041139917291297],"0A":[-2.352991341508733,-1.3505226857082542,-2.44939279943625],"2C":[-0.712605462666239,-2.860686989651391,-0.6202559545456209],"1B":[-3.1639278972498106,-1.978644808791804,-0.25259426803759444],"1C":[-0.9930935739207709,-2.2303742915121774,-2.8476435554919406],"3A":[-0.8166431333904104,-0.5647780390020626,-0.6178535989652332],"2A":[-2.8739145359880207,-1.029308137477409,-0.8955592432003325]},"A2R9OK4M877ZCC":{"1A":[-2.5840330087702394,-1.4026305460446737,-2.7635659359125837],"2B":[-1.2963935745646553,-2.3349425443237957,-2.3955952197275048],"0A":[-1.2735533584476535,-2.2198125783028004,-2.5422124595175495],"2C":[-1.3302570777727039,-2.276063987229333,-2.5407124830622707],"1B":[-1.2872358190278779,-2.4184495261303502,-2.5433816521871493],"1C":[-1.3699138051914916,-2.1502103395404584,-2.646112972444375],"3A":[-1.2895379380886107,-2.353749618894108,-2.406388678972674],"2A":[-1.2277955522591324,-2.2702948322167362,-2.324554542490066]},"AFXEBGX1I0ZR3":{"1A":[-2.478773789393318,-1.0057940744713376,-2.6091479240810007],"2B":[-0.7970126818382288,-1.3931093372848964,-2.4118789645734795],"0A":[-1.4958909346537443,-1.8351199618747396,-1.9290017149771017],"2C":[-1.0060223473664816,-2.2428765200660306,-2.7215204797467596],"1B":[-2.5537716529401884,-2.0184816785944037,-1.0925093638223224],"1C":[-0.976656948018301,-2.621838642739854,-2.493969902746952],"3A":[-2.4870312757084014,-2.1711652863169912,-1.0660535758318306],"2A":[-2.6156987821920006,-2.1166470471102174,-1.0681956078678931]},"A12HZGOZQD5YK7":{"1A":[-2.464450496102702,-0.9332780222197897,-2.5791182320695567],"2B":[-0.45689622126158225,-0.747023075992459,-3.075833354269683],"0A":[-1.9181012602021132,-2.255793404331436,-2.420939264245853],"2C":[-2.0468064952206033,-1.789761798351559,-1.4992605274781416],"1B":[-3.083127837696247,-2.5302344378451513,-0.18818285439293359],"1C":[-0.626850518906241,-2.360738009881836,-2.893694504208069],"3A":[-0.6686742199711495,-1.3373301219984852,-0.3445134264590998],"2A":[-2.736951291291929,-1.4697134796898492,-0.4611743250977827]},"A2R794P3E8X0MK":{"1A":[-2.6931872303521356,-0.942056994816023,-2.4934390068925567],"2B":[-1.2904715828545479,-1.550310596452208,-2.6632522233283833],"0A":[-1.4713070832727848,-1.8990268798153416,-2.015636823489484],"2C":[-2.5136861178945566,-0.9774852612550976,-2.704946744305907],"1B":[-2.386791558111363,-2.083608675343431,-1.107010805330517],"1C":[-0.9709076005300707,-2.499047265787707,-2.454049378170406],"3A":[-1.4860749270725746,-1.9256799089790242,-2.0658330868448105],"2A":[-2.6609579533957373,-1.981680293854323,-1.1025075494495222]},"A2S8ZTPKX3B928":{"1A":[-2.648503400012627,-0.7146493343686043,-2.9075834127728486],"2B":[-0.8107379693055473,-1.3484003698575067,-2.7716621808858877],"0A":[-1.5085827284832585,-1.8358417076248832,-2.129803898473849],"2C":[-0.9071642849360226,-0.6977042196205515,-0.527294528327092],"1B":[-2.579297862485277,-2.1972484552964953,-0.8824692413649609],"1C":[-0.957025096959857,-2.399073187521017,-2.3374561857816447],"3A":[-1.5658422848554718,-1.8107009037588657,-2.1494624756852905],"2A":[-2.8656236716575973,-0.581880011722305,-0.5389730037224321]},"A2TZJKKUN0LSHY":{"1A":[-2.5047496828504476,-0.9581733752006212,-2.581159120583241],"2B":[-0.6321960117350585,-0.6045246311732825,-3.194207913086031],"0A":[-1.2930547724317158,-2.3483410351330343,-2.517182636669438],"2C":[-0.7658064593784498,-2.3976061713870096,-2.060539383497808],"1B":[-2.6123545921327644,-2.2350638303220336,-1.0310331705940317],"1C":[-0.9794387669199272,-2.482779553106595,-2.4211510810119674],"3A":[-1.9821495128945648,-2.0316761667980696,-1.372416417641995],"2A":[-2.9134580999115496,-0.553814129674288,-0.5379148708124253]},"AEHXJIW38LJS4":{"1A":[-2.6039697009905187,-0.13531197519864044,-3.1169817773487196],"2B":[-0.2961932298874223,-0.09878322727710016,-3.4500050184398416],"0A":[-1.7947296440832583,-2.4614439285716885,-2.448199870189431],"2C":[-0.4571292820250891,-3.2254806127258906,-0.14758118884920038],"1B":[-3.9263015469503,-3.345816884219246,-0.055064630291883986],"1C":[-1.0299843463722174,-2.2785133121820236,-2.6499594864780507],"3A":[-0.2518960922923073,-0.45137955960184284,-0.3989193812861173],"2A":[-3.0766537014287625,-0.5706713064231922,-0.31066935778848587]},"AGA1PIIWM8I8D":{"1A":[-2.523984490721719,-0.3370938385132741,-3.2488255211573733],"2B":[-0.7044379636399895,-0.8627283989976299,-2.875667989776362],"0A":[-1.4919693045247406,-1.8784073472274008,-2.250905976441082],"2C":[-0.9356774637800378,-3.005454809684262,-0.5698631223798015],